filename;price_gbp
Hermes-30-Bariena-Faubourg-Palladium-Hardware-2025-1-600x400.jpg;22000.0
Hermes-30-Bariena-Faubourg-Palladium-Hardware-2025-2-600x400.jpg;22000.0
Hermes-Birkin-25-Bleu-Jean-Ecorce-Sesame-Epsom-Retoure-Palladium-Hardware-2025-updated-1-600x400.jpg;24000.0
Hermes-Birkin-25-Bleu-Jean-Ecorce-Sesame-Epsom-Retoure-Palladium-Hardware-2025-updated-2-600x400.jpg;24000.0
Hermes-Birkin-25-Bleu-Jean-Swift-Palladium-Hardware-2026-1-600x400.jpg;24000.0
Hermes-Birkin-25-Bleu-Jean-Swift-Palladium-Hardware-2026-2-600x400.jpg;24000.0
Hermes-Birkin-25-Bleu-Marine-Matte-Alligator-Missippian-Gold-Hardware-2022-1-600x400.jpg;70000.0
Hermes-Birkin-25-Bleu-Marine-Matte-Alligator-Missippian-Gold-Hardware-2022-2-600x400.jpg;70000.0
Hermes-Birkin-25-Bleu-Marine-Matte-Alligator-Missippian-Gold-Hardware-2022-3-900x600.jpg;70000.0
Hermes-Birkin-25-Bleu-Marine-Matte-Alligator-Missippian-Gold-Hardware-2022-4-900x600.jpg;70000.0
Hermes-Birkin-25-Bleu-Marine-Matte-Alligator-Missippian-Gold-Hardware-2022-5-900x600.jpg;70000.0
Hermes-Birkin-25-Bleu-Marine-Matte-Alligator-Missippian-Gold-Hardware-2022-6-900x600.jpg;70000.0
Hermes-Birkin-25-Bleu-Marine-Matte-Alligator-Missippian-Gold-Hardware-2022-7-900x600.jpg;70000.0
Hermes-Birkin-25-Bleu-Marine-Matte-Alligator-Missippian-Gold-Hardware-2022-8-900x600.jpg;70000.0
Hermes-Birkin-25-Bleu-Royal-Capucine-Palladium-Hardware-2020-1-600x400.jpg;18000.0
Hermes-Birkin-25-Bleu-Royal-Capucine-Palladium-Hardware-2020-2-600x400.jpg;18000.0
Hermes-Birkin-25-Bleu-Zanzibar-Togo-Gold-Hardware-2017-1-600x400.jpg;22000.0
Hermes-Birkin-25-Bleu-Zanzibar-Togo-Gold-Hardware-2017-2-600x400.jpg;22000.0
Hermes-Birkin-25-Bordeaux-Shiny-Crocodile-Gold-Hardware-2021-1-600x400.jpg;85000.0
Hermes-Birkin-25-Bordeaux-Shiny-Crocodile-Gold-Hardware-2021-2-600x400.jpg;85000.0
Hermes-Birkin-25-Bordeaux-Shiny-Crocodile-Gold-Hardware-2021-3-900x600.jpg;85000.0
Hermes-Birkin-25-Bordeaux-Shiny-Crocodile-Gold-Hardware-2021-4-900x600.jpg;85000.0
Hermes-Birkin-25-Bordeaux-Shiny-Crocodile-Gold-Hardware-2021-5-900x600.jpg;85000.0
Hermes-Birkin-25-Bordeaux-Shiny-Crocodile-Gold-Hardware-2021-6-900x600.jpg;85000.0
Hermes-Birkin-25-Bordeaux-Shiny-Crocodile-Gold-Hardware-2021-7-900x600.jpeg;85000.0
Hermes-Birkin-25-Bordeaux-Shiny-Crocodile-Gold-Hardware-2021-8-900x600.jpeg;85000.0
Hermes-Birkin-25-Cargo-Gold-Ecru-Beige-Swift-Toile-H-Palladium-Hardware-2025-1-600x400.jpg;36000.0
Hermes-Birkin-25-Cargo-Gold-Ecru-Beige-Swift-Toile-H-Palladium-Hardware-2025-2-600x400.jpg;36000.0
Hermes-Birkin-25-Craie-Epsom-Sellier-Gold-Hardware-2023-6064-1-600x400.jpg;29000.0
Hermes-Birkin-25-Craie-Epsom-Sellier-Gold-Hardware-2023-6064-2-600x400.jpg;29000.0
Hermes-Birkin-25-Craie-Togo-Gold-Hardware-2025-5567-1-600x400.jpg;15000.0
Hermes-Birkin-25-Craie-Togo-Gold-Hardware-2025-5567-2-600x400.jpg;15000.0
Hermes-Birkin-25-Etoupe-Togo-Gold-Hardware-2025-5142-1-600x400.jpg;22000.0
Hermes-Birkin-25-Etoupe-Togo-Gold-Hardware-2025-5142-2-600x400.jpg;22000.0
Hermes-Birkin-25-Gris-Etain-Swift-Gold-Hardware-2025-1-600x400.jpg;21000.0
Hermes-Birkin-25-Gris-Etain-Swift-Gold-Hardware-2025-2-600x400.jpg;21000.0
Hermes-Birkin-25-Gris-Pantin-Togo-Palladium-Hardware-2025-1-600x400.jpg;25000.0
Hermes-Birkin-25-Gris-Pantin-Togo-Palladium-Hardware-2025-2-600x400.jpg;25000.0
Hermes-Birkin-25-Gris-Pantin-Togo-Palladium-Hardware-2025-3-900x600.jpg;25000.0
Hermes-Birkin-25-Gris-Pantin-Togo-Palladium-Hardware-2025-4-900x600.jpg;25000.0
Hermes-Birkin-25-Gris-Pantin-Togo-Palladium-Hardware-2025-5-900x600.jpg;25000.0
Hermes-Birkin-25-Gris-Pantin-Togo-Palladium-Hardware-2025-6-900x600.jpg;25000.0
Hermes-Birkin-25-Gris-Pantin-Togo-Palladium-Hardware-2025-7-900x600.jpg;25000.0
Hermes-Birkin-25-Gris-Pantin-Togo-Palladium-Hardware-2025-8-900x600.jpg;25000.0
Hermes-Birkin-25-HSS-Chai-Craie-Epsom-Sellier-Gold-Hardware-2022-1-600x400.jpg;30000.0
Hermes-Birkin-25-HSS-Chai-Craie-Epsom-Sellier-Gold-Hardware-2022-2-600x400.jpg;30000.0
Hermes-Birkin-25-HSS-Gold-Craie-Togo-Brushed-Gold-Hardware-2023-1-600x400.jpg;25500.0
Hermes-Birkin-25-HSS-Gold-Craie-Togo-Brushed-Gold-Hardware-2023-2-600x400.jpg;25500.0
Hermes-Birkin-25-HSS-Vert-Criquet-Nata-Chevre-Brushed-Gold-Hardware-2024-1-600x400.jpg;26000.0
Hermes-Birkin-25-HSS-Vert-Criquet-Nata-Chevre-Brushed-Gold-Hardware-2024-2-600x400.jpg;26000.0
Hermes-Birkin-25-Havane-Shiny-Crocodile-Niloticus-Retourne-Gold-Hardware-2007-6100-1-600x400.jpg;60000.0
Hermes-Birkin-25-Havane-Shiny-Crocodile-Niloticus-Retourne-Gold-Hardware-2007-6100-2-600x400.jpg;60000.0
Hermes-Birkin-25-Himalaya-Blanc-Matte-Crocodile-Palladium-Hardware-2016-1-600x400.jpg;180000.0
Hermes-Birkin-25-Himalaya-Blanc-Matte-Crocodile-Palladium-Hardware-2016-2-600x400.jpg;180000.0
Hermes-Birkin-25-Himalaya-Blanc-Matte-Crocodile-Palladium-Hardware-2021-5863-1-600x400.jpg;180000.0
Hermes-Birkin-25-Himalaya-Blanc-Matte-Crocodile-Palladium-Hardware-2021-5863-2-600x400.jpg;180000.0
Hermes-Birkin-25-Noir-Black-Epsom-Sellier-Gold-Hardware-2023-preloved-1-600x400.jpg;22000.0
Hermes-Birkin-25-Noir-Black-Epsom-Sellier-Gold-Hardware-2023-preloved-2-600x400.jpg;22000.0
Hermes-Birkin-25-Noir-Black-Epsom-Sellier-Rose-Gold-Hardware-2022-1-600x400.jpg;28000.0
Hermes-Birkin-25-Noir-Black-Epsom-Sellier-Rose-Gold-Hardware-2022-2-600x400.jpg;28000.0
Hermes-Birkin-25-Noir-Black-Lizard-Gold-Hardware-1-600x400.jpg;70000.0
Hermes-Birkin-25-Noir-Black-Lizard-Gold-Hardware-2-600x400.jpg;70000.0
Hermes-Birkin-25-Noir-Black-Madame-Palladium-Hardware-2021-1-600x400.jpg;28000.0
Hermes-Birkin-25-Noir-Black-Madame-Palladium-Hardware-2021-2-600x400.jpg;28000.0
Hermes-Birkin-25-Noir-Black-Shiny-Crocodile-Niloticus-2019-6113-1-600x400.jpg;65000.0
Hermes-Birkin-25-Noir-Black-Shiny-Crocodile-Niloticus-2019-6113-2-600x400.jpg;65000.0
Hermes-Birkin-25-Noir-Black-Shiny-Crocodile-Niloticus-Gold-Hardware-2019-6137-1-600x400.jpg;65000.0
Hermes-Birkin-25-Noir-Black-Shiny-Crocodile-Niloticus-Gold-Hardware-2019-6137-2-600x400.jpg;65000.0
Hermes-Birkin-25-Noir-Black-Togo-Gold-Hardware-2025-1-600x400.jpg;24500.0
Hermes-Birkin-25-Noir-Black-Togo-Gold-Hardware-2025-2-600x400.jpg;24500.0
Hermes-Birkin-25-Noir-Black-Togo-Permabrass-Hardware-1-600x400.jpg;27000.0
Hermes-Birkin-25-Noir-Black-Togo-Permabrass-Hardware-2-600x400.jpg;27000.0
Hermes-Birkin-25-Orange-H-Shiny-Crocodile-Porosus-Palladium-Hardware-2004-1-600x400.jpg;32000.0
Hermes-Birkin-25-Orange-H-Shiny-Crocodile-Porosus-Palladium-Hardware-2004-10-900x600.jpg;32000.0
Hermes-Birkin-25-Orange-H-Shiny-Crocodile-Porosus-Palladium-Hardware-2004-2-600x400.jpg;32000.0
Hermes-Birkin-25-Orange-H-Shiny-Crocodile-Porosus-Palladium-Hardware-2004-3-900x600.jpg;32000.0
Hermes-Birkin-25-Orange-H-Shiny-Crocodile-Porosus-Palladium-Hardware-2004-4-900x600.jpg;32000.0
Hermes-Birkin-25-Orange-H-Shiny-Crocodile-Porosus-Palladium-Hardware-2004-5-900x600.jpg;32000.0
Hermes-Birkin-25-Orange-H-Shiny-Crocodile-Porosus-Palladium-Hardware-2004-6-900x600.jpg;32000.0
Hermes-Birkin-25-Orange-H-Shiny-Crocodile-Porosus-Palladium-Hardware-2004-7-900x600.jpg;32000.0
Hermes-Birkin-25-Orange-H-Shiny-Crocodile-Porosus-Palladium-Hardware-2004-8-900x600.jpg;32000.0
Hermes-Birkin-25-Orange-H-Shiny-Crocodile-Porosus-Palladium-Hardware-2004-9-900x600.jpg;32000.0
Hermes-Birkin-25-Picnic-Vert-Criquet-Swift-Palladium-Hardware-2024-1-600x400.jpg;62000.0
Hermes-Birkin-25-Picnic-Vert-Criquet-Swift-Palladium-Hardware-2024-2-600x400.jpg;62000.0
Hermes-Birkin-25-Plomb-Togo-Gold-Hardware-2026-1-600x400.jpg;23000.0
Hermes-Birkin-25-Plomb-Togo-Gold-Hardware-2026-2-600x400.jpg;23000.0
Hermes-Birkin-25-Rock-Noir-Black-Volupto-Palladium-Hardware-2023-1-600x400.jpg;50000.0
Hermes-Birkin-25-Rock-Noir-Black-Volupto-Palladium-Hardware-2023-2-600x400.jpg;50000.0
Hermes-Birkin-25-Rock-Noir-Black-Volupto-Palladium-Hardware-2023-3-900x600.jpg;50000.0
Hermes-Birkin-25-Rock-Noir-Black-Volupto-Palladium-Hardware-2023-4-900x600.jpg;50000.0
Hermes-Birkin-25-Rock-Noir-Black-Volupto-Palladium-Hardware-2023-5-900x600.jpg;50000.0
Hermes-Birkin-25-Rock-Noir-Black-Volupto-Palladium-Hardware-2023-6-900x600.jpg;50000.0
Hermes-Birkin-25-Rock-Noir-Black-Volupto-Palladium-Hardware-2023-7-900x600.jpg;50000.0
Hermes-Birkin-25-Rock-Noir-Black-Volupto-Palladium-Hardware-2023-9-900x600.jpeg;50000.0
Hermes-Birkin-25-Rose-Azalee-Swift-Palladium-Hardware-2017-1-600x400.jpg;15000.0
Hermes-Birkin-25-Rose-Azalee-Swift-Palladium-Hardware-2017-2-600x400.jpg;15000.0
Hermes-Birkin-25-Rose-Azalee-Swift-Palladium-Hardware-2025-5553-1-600x400.jpg;15000.0
Hermes-Birkin-25-Rose-Azalee-Swift-Palladium-Hardware-2025-5553-2-600x400.jpg;15000.0
Hermes-Birkin-25-Rouge-H-Otsrich-Palladium-Hardware-2024-1-600x400.jpg;35000.0
Hermes-Birkin-25-Rouge-H-Otsrich-Palladium-Hardware-2024-2-600x400.jpg;35000.0
Hermes-Birkin-25-Rouge-Radieux-Togo-Palladium-Hardware-2025-1-600x400.jpg;24000.0
Hermes-Birkin-25-Rouge-Radieux-Togo-Palladium-Hardware-2025-2-600x400.jpg;24000.0
Hermes-Birkin-25-Rubis-Togo-Gold-Hardware-2015-1-600x400.jpg;17500.0
Hermes-Birkin-25-Rubis-Togo-Gold-Hardware-2015-2-600x400.jpg;17500.0
Hermes-Birkin-25-Safran-Ostrich-Palladium-Hardware-2021-1-600x400.jpg;29000.0
Hermes-Birkin-25-Safran-Ostrich-Palladium-Hardware-2021-2-600x400.jpg;29000.0
Hermes-Birkin-25-Touch-Jaune-Ambre-Togo-Shiny-Crocodile-Niloticus-Palladium-Hardware-2018-1-600x400.jpg;36000.0
Hermes-Birkin-25-Touch-Jaune-Ambre-Togo-Shiny-Crocodile-Niloticus-Palladium-Hardware-2018-2-600x400.jpg;36000.0
Hermes-Birkin-25-Touch-Noir-Black-Togo-Missipian-Matte-Alligator-Gold-Hardware-2021-6075-1-600x400.jpg;38000.0
Hermes-Birkin-25-Touch-Noir-Black-Togo-Missipian-Matte-Alligator-Gold-Hardware-2021-6075-2-600x400.jpg;38000.0
Hermes-Birkin-25-Touch-Raisin-Prunoir-Togo-Matte-Alligator-Rose-Gold-Hardware-2019-1-600x400.jpg;36000.0
Hermes-Birkin-25-Touch-Raisin-Prunoir-Togo-Matte-Alligator-Rose-Gold-Hardware-2019-2-600x400.jpg;36000.0
Hermes-Birkin-25-Touch-Raisin-Prunoir-Togo-Matte-Alligator-Rose-Gold-Hardware-2019-3-900x600.jpg;36000.0
Hermes-Birkin-25-Touch-Raisin-Prunoir-Togo-Matte-Alligator-Rose-Gold-Hardware-2019-4-900x600.jpg;36000.0
Hermes-Birkin-25-Touch-Raisin-Prunoir-Togo-Matte-Alligator-Rose-Gold-Hardware-2019-5-900x600.jpg;36000.0
Hermes-Birkin-25-Touch-Raisin-Prunoir-Togo-Matte-Alligator-Rose-Gold-Hardware-2019-6-900x600.jpg;36000.0
Hermes-Birkin-25-Touch-Raisin-Prunoir-Togo-Matte-Alligator-Rose-Gold-Hardware-2019-7-900x600.jpg;36000.0
Hermes-Birkin-25-Touch-Raisin-Prunoir-Togo-Matte-Alligator-Rose-Gold-Hardware-2019-8-900x600.jpg;36000.0
Hermes-Birkin-25-Touch-Rouge-Sellier-Matte-Alligator-Missippian-Togo-Gold-Hardware-2023-1-600x400.jpg;42000.0
Hermes-Birkin-25-Touch-Rouge-Sellier-Matte-Alligator-Missippian-Togo-Gold-Hardware-2023-2-600x400.jpg;42000.0
Hermes-Birkin-25-Touch-Rouge-Sellier-Matte-Alligator-Missippian-Togo-Gold-Hardware-2023-3-900x600.jpg;42000.0
Hermes-Birkin-25-Touch-Rouge-Sellier-Matte-Alligator-Missippian-Togo-Gold-Hardware-2023-4-900x600.jpg;42000.0
Hermes-Birkin-25-Touch-Rouge-Sellier-Matte-Alligator-Missippian-Togo-Gold-Hardware-2023-5-900x600.jpg;42000.0
Hermes-Birkin-25-Touch-Rouge-Sellier-Matte-Alligator-Missippian-Togo-Gold-Hardware-2023-6-900x600.jpg;42000.0
Hermes-Birkin-25-Touch-Rouge-Sellier-Matte-Alligator-Missippian-Togo-Gold-Hardware-2023-7-900x600.jpg;42000.0
Hermes-Birkin-25-Touch-Rouge-Sellier-Matte-Alligator-Missippian-Togo-Gold-Hardware-2023-8-900x600.jpg;42000.0
Hermes-Birkin-25-Touch-Vert-Cypres-Togo-Matte-Alligator-Gold-Hardware-2020-1-600x400.jpg;36000.0
Hermes-Birkin-25-Touch-Vert-Cypres-Togo-Matte-Alligator-Gold-Hardware-2020-2-600x400.jpg;36000.0
Hermes-Birkin-25-Touch-Vert-Cypres-Togo-Matte-Alligator-Gold-Hardware-2020-3-900x600.jpg;36000.0
Hermes-Birkin-25-Touch-Vert-Cypres-Togo-Matte-Alligator-Gold-Hardware-2020-4-900x600.jpg;36000.0
Hermes-Birkin-25-Touch-Vert-Cypres-Togo-Matte-Alligator-Gold-Hardware-2020-5-900x600.jpg;36000.0
Hermes-Birkin-25-Touch-Vert-Cypres-Togo-Matte-Alligator-Gold-Hardware-2020-6-900x600.jpg;36000.0
Hermes-Birkin-25-Touch-Vert-Cypres-Togo-Matte-Alligator-Gold-Hardware-2020-7-900x600.jpg;36000.0
Hermes-Birkin-25-Touch-Vert-Cypres-Togo-Matte-Alligator-Gold-Hardware-2020-8-900x600.jpg;36000.0
Hermes-Birkin-25-Vanille-Ostrich-Gold-Hardware-2025-1-600x400.jpg;35000.0
Hermes-Birkin-25-Vanille-Ostrich-Gold-Hardware-2025-2-600x400.jpg;35000.0
Hermes-Birkin-25-Vert-Amande-Epsom-Sellier-Gold-Hardware-2023-1-600x400.jpg;25000.0
Hermes-Birkin-25-Vert-Amande-Epsom-Sellier-Gold-Hardware-2023-2-600x400.jpg;25000.0
Hermes-Birkin-25-Vert-Amande-Epsom-Sellier-Palladium-Hardware-2021-1-600x400.jpg;24000.0
Hermes-Birkin-25-Vert-Amande-Epsom-Sellier-Palladium-Hardware-2021-2-600x400.jpg;24000.0
Hermes-Birkin-25-Vert-Criquet-Epsom-Sellier-Gold-Hardware-2020-1-600x400.jpg;29000.0
Hermes-Birkin-25-Vert-Criquet-Epsom-Sellier-Gold-Hardware-2020-2-600x400.jpg;29000.0
Hermes-Birkin-25-Vert-Deau-Matte-Alligator-Palladium-Hardware-2023-1-600x400.jpg;56000.0
Hermes-Birkin-25-Vert-Deau-Matte-Alligator-Palladium-Hardware-2023-2-600x400.jpg;56000.0
Hermes-Birkin-25-Vert-Mangrove-Swift-Permabrass-Hardware-2026-1-600x400.jpg;20000.0
Hermes-Birkin-25-Vert-Mangrove-Swift-Permabrass-Hardware-2026-2-600x400.jpg;20000.0
Hermes-Birkin-25-Vert-Mangrove-Togo-Permabrass-Hardware-2025-1-600x400.jpg;22000.0
Hermes-Birkin-25-Vert-Mangrove-Togo-Permabrass-Hardware-2025-2-600x400.jpg;22000.0
Hermes-Birkin-25-Vert-Verone-Ostrich-Palladium-Hardware-2023-1-600x400.jpg;30000.0
Hermes-Birkin-25-Vert-Verone-Ostrich-Palladium-Hardware-2023-2-600x400.jpg;30000.0
Hermes-Birkin-25-Vert-Verone-Ostrich-Palladium-Hardware-2023-3-900x600.jpg;30000.0
Hermes-Birkin-25-Vert-Verone-Ostrich-Palladium-Hardware-2023-4-900x600.jpg;30000.0
Hermes-Birkin-25-Vert-Verone-Ostrich-Palladium-Hardware-2023-5-900x600.jpg;30000.0
Hermes-Birkin-25-Vert-Verone-Ostrich-Palladium-Hardware-2023-6-900x600.jpg;30000.0
Hermes-Birkin-25-Vert-Verone-Ostrich-Palladium-Hardware-2023-7-900x600.jpeg;30000.0
Hermes-Birkin-25-Vert-Verone-Ostrich-Palladium-Hardware-2023-8-900x600.jpeg;30000.0
Hermes-Birkin-25-Vert-Vertigo-Swift-Gold-Hardware-2026-1-600x400.jpg;19000.0
Hermes-Birkin-25-Vert-Vertigo-Swift-Gold-Hardware-2026-2-600x400.jpg;19000.0
Hermes-Birkin-25-Vert-Yucca-Epsom-Palladium-Hardware-2025-1-600x400.jpg;24000.0
Hermes-Birkin-25-Vert-Yucca-Epsom-Palladium-Hardware-2025-2-600x400.jpg;24000.0
Hermes-Birkin-30-Anemone-Togo-Gold-Hardware-2014-1-600x400.jpg;20000.0
Hermes-Birkin-30-Anemone-Togo-Gold-Hardware-2014-2-600x400.jpg;20000.0
Hermes-Birkin-30-Biscuit-Epsom-Sellier-Palladium-Hardware-2021-1-600x400.jpg;25000.0
Hermes-Birkin-30-Biscuit-Epsom-Sellier-Palladium-Hardware-2021-2-600x400.jpg;25000.0
Hermes-Birkin-30-Bleu-Glacier-Gris-Pantin-Swift-Toile-Palladium-Hardware-2025-1-600x400.jpg;25000.0
Hermes-Birkin-30-Bleu-Glacier-Gris-Pantin-Swift-Toile-Palladium-Hardware-2025-2-600x400.jpg;25000.0
Hermes-Birkin-30-Bleu-Jean-Togo-Palladium-Hardware-2026-updated-1-600x400.jpg;26000.0
Hermes-Birkin-30-Bleu-Jean-Togo-Palladium-Hardware-2026-updated-2-600x400.jpg;26000.0
Hermes-Birkin-30-Bleu-Royal-Togo-Palladium-Hardware-2022-1-600x400.jpg;16000.0
Hermes-Birkin-30-Bleu-Royal-Togo-Palladium-Hardware-2022-2-600x400.jpg;16000.0
Hermes-Birkin-30-Bleu-Saphir-Novilo-and-Bleu-Marine-Matte-Alligator-Rose-Gold-Hardware-2018-1-600x400.jpg;28000.0
Hermes-Birkin-30-Bleu-Saphir-Novilo-and-Bleu-Marine-Matte-Alligator-Rose-Gold-Hardware-2018-2-600x400.jpg;28000.0
Hermes-Birkin-30-Bleu-Tempete-Shiny-Crocodile-Niloticus-Gold-Hardware-2014-1-600x400.jpg;36000.0
Hermes-Birkin-30-Bleu-Tempete-Shiny-Crocodile-Niloticus-Gold-Hardware-2014-2-600x400.jpg;36000.0
Hermes-Birkin-30-Bleu-Tempete-Shiny-Crocodile-Niloticus-Gold-Hardware-2014-3-900x600.jpg;36000.0
Hermes-Birkin-30-Bleu-Tempete-Shiny-Crocodile-Niloticus-Gold-Hardware-2014-4-900x600.jpg;36000.0
Hermes-Birkin-30-Bleu-Tempete-Shiny-Crocodile-Niloticus-Gold-Hardware-2014-5-900x600.jpg;36000.0
Hermes-Birkin-30-Bleu-Tempete-Shiny-Crocodile-Niloticus-Gold-Hardware-2014-6-900x600.jpg;36000.0
Hermes-Birkin-30-Bleu-Tempete-Shiny-Crocodile-Niloticus-Gold-Hardware-2014-7-900x600.jpg;36000.0
Hermes-Birkin-30-Bleu-Tempete-Shiny-Crocodile-Niloticus-Gold-Hardware-2014-8-900x600.jpg;36000.0
Hermes-Birkin-30-Bleu-Tempete-Shiny-Crocodile-Niloticus-Gold-Hardware-2014-9-900x600.jpg;36000.0
Hermes-Birkin-30-Bougainvillea-Clemence-Palladium-Hardware-2009-1-600x400.jpg;11000.0
Hermes-Birkin-30-Bougainvillea-Clemence-Palladium-Hardware-2009-2-600x400.jpg;11000.0
Hermes-Birkin-30-Bougainvillea-Shiny-Crocodile-Palladium-Hardware-2011-1-600x400.jpg;29000.0
Hermes-Birkin-30-Bougainvillea-Shiny-Crocodile-Palladium-Hardware-2011-2-600x400.jpg;29000.0
Hermes-Birkin-30-Cabane-Togo-Palladium-Hardware-2024-6188-1-600x400.jpg;22000.0
Hermes-Birkin-30-Cabane-Togo-Palladium-Hardware-2024-6188-2-600x400.jpg;22000.0
Hermes-Birkin-30-Candy-Brique-Orange-Epsom-Retourne-Palladium-Hardware-2011-1-600x400.jpg;16000.0
Hermes-Birkin-30-Candy-Brique-Orange-Epsom-Retourne-Palladium-Hardware-2011-10-900x600.jpg;16000.0
Hermes-Birkin-30-Candy-Brique-Orange-Epsom-Retourne-Palladium-Hardware-2011-2-600x400.jpg;16000.0
Hermes-Birkin-30-Candy-Brique-Orange-Epsom-Retourne-Palladium-Hardware-2011-3-900x600.jpg;16000.0
Hermes-Birkin-30-Candy-Brique-Orange-Epsom-Retourne-Palladium-Hardware-2011-4-900x600.jpg;16000.0
Hermes-Birkin-30-Candy-Brique-Orange-Epsom-Retourne-Palladium-Hardware-2011-5-900x600.jpg;16000.0
Hermes-Birkin-30-Candy-Brique-Orange-Epsom-Retourne-Palladium-Hardware-2011-6-900x600.jpg;16000.0
Hermes-Birkin-30-Candy-Brique-Orange-Epsom-Retourne-Palladium-Hardware-2011-7-900x600.jpg;16000.0
Hermes-Birkin-30-Candy-Brique-Orange-Epsom-Retourne-Palladium-Hardware-2011-8-900x600.jpg;16000.0
Hermes-Birkin-30-Candy-Brique-Orange-Epsom-Retourne-Palladium-Hardware-2011-9-900x600.jpg;16000.0
Hermes-Birkin-30-Craie-Epsom-Retourne-Palladium-Hardware-2025-1-600x400.jpg;23000.0
Hermes-Birkin-30-Craie-Epsom-Retourne-Palladium-Hardware-2025-2-600x400.jpg;23000.0
Hermes-Birkin-30-Craie-Epsom-Sellier-Palladium-Hardware-2022-6174-1-600x400.jpg;23000.0
Hermes-Birkin-30-Craie-Epsom-Sellier-Palladium-Hardware-2022-6174-2-600x400.jpg;23000.0
Hermes-Birkin-30-Craie-Togo-Gold-Hardware-2025-1-600x400.jpg;21000.0
Hermes-Birkin-30-Craie-Togo-Gold-Hardware-2025-2-600x400.jpg;21000.0
Hermes-Birkin-30-Geranium-Shiny-Crocodile-Niloticus-Gold-Hardware-2013-1-600x400.jpg;38000.0
Hermes-Birkin-30-Geranium-Shiny-Crocodile-Niloticus-Gold-Hardware-2013-2-600x400.jpg;38000.0
Hermes-Birkin-30-Gold-Togo-Gold-Hardware-2017-6076-1-600x400.jpg;27000.0
Hermes-Birkin-30-Gold-Togo-Gold-Hardware-2017-6076-2-600x400.jpg;27000.0
Hermes-Birkin-30-Graphite-Shiny-Crocodile-Porosus-Palladium-Hardware-2006-6177-1-600x400.jpg;38000.0
Hermes-Birkin-30-Graphite-Shiny-Crocodile-Porosus-Palladium-Hardware-2006-6177-2-600x400.jpg;38000.0
Hermes-Birkin-30-Gris-Etain-Epsom-Sellier-Gold-Hardware-2020-5748-1-600x400.jpg;25000.0
Hermes-Birkin-30-Gris-Etain-Epsom-Sellier-Gold-Hardware-2020-5748-2-600x400.jpg;25000.0
Hermes-Birkin-30-Gris-Pantin-Togo-Palladium-Hardware-2025-1-600x400.jpg;23000.0
Hermes-Birkin-30-Gris-Pantin-Togo-Palladium-Hardware-2025-2-600x400.jpg;23000.0
Hermes-Birkin-30-Gris-Plomb-Togo-Permabrass-Hardware-2025-1-600x400.jpg;23000.0
Hermes-Birkin-30-Gris-Plomb-Togo-Permabrass-Hardware-2025-2-600x400.jpg;23000.0
Hermes-Birkin-30-HSS-Rose-Mexico-Bleu-Electric-Epsom-Brushed-Gold-Hardware-2024-1-600x400.jpg;25000.0
Hermes-Birkin-30-HSS-Rose-Mexico-Bleu-Electric-Epsom-Brushed-Gold-Hardware-2024-2-600x400.jpg;25000.0
Hermes-Birkin-30-HSS-Rose-Sakura-Gris-Perle-Chevre-Gold-Hardware-2016-1-600x400.jpg;20000.0
Hermes-Birkin-30-HSS-Rose-Sakura-Gris-Perle-Chevre-Gold-Hardware-2016-2-600x400.jpg;20000.0
Hermes-Birkin-30-Marron-DInde-Fjord-Gold-Hardware-2012-1-600x400.jpg;16000.0
Hermes-Birkin-30-Marron-DInde-Fjord-Gold-Hardware-2012-2-600x400.jpg;16000.0
Hermes-Birkin-30-Mauve-Sylvester-Epsom-Retourne-Palladium-Hardware-2022-2022-Pre-Loved-1-600x400.jpg;26000.0
Hermes-Birkin-30-Mushroom-Togo-Gold-Hardware-2023-1-600x400.jpg;19500.0
Hermes-Birkin-30-Mushroom-Togo-Gold-Hardware-2023-2-600x400.jpg;19500.0
Hermes-Birkin-30-Nata-Clemence-Gold-Hardware-2022-1-600x400.jpg;20000.0
Hermes-Birkin-30-Nata-Clemence-Gold-Hardware-2022-2-600x400.jpg;20000.0
Hermes-Birkin-30-Noir-Black-Epsom-Retourne-Gold-Hardware-2015-6016-1-600x400.jpg;20000.0
Hermes-Birkin-30-Noir-Black-Epsom-Retourne-Gold-Hardware-2015-6016-2-600x400.jpg;20000.0
Hermes-Birkin-30-Noir-Black-Togo-Gold-Hardware-2021-6206-1-600x400.jpg;25000.0
Hermes-Birkin-30-Noir-Black-Togo-Gold-Hardware-2021-6206-2-600x400.jpg;25000.0
Hermes-Birkin-30-Noir-Madame-Sellier-Gold-Hardware-2021-1-600x400.jpg;27000.0
Hermes-Birkin-30-Noir-Madame-Sellier-Gold-Hardware-2021-2-600x400.jpg;27000.0
Hermes-Birkin-30-Noir-Togo-Palladium-Hardware-2025-5239-1-600x400.jpg;18000.0
Hermes-Birkin-30-Noir-Togo-Palladium-Hardware-2025-5239-2-600x400.jpg;18000.0
Hermes-Birkin-30-Noisette-Vachette-Ardennes-Palladium-Hardware-2006-1-600x400.jpg;14000.0
Hermes-Birkin-30-Noisette-Vachette-Ardennes-Palladium-Hardware-2006-2-600x400.jpg;14000.0
Hermes-Birkin-30-Poussiere-Togo-Palladium-Hardware-2025-1-600x400.jpg;22000.0
Hermes-Birkin-30-Poussiere-Togo-Palladium-Hardware-2025-2-600x400.jpg;22000.0
Hermes-Birkin-30-Raisin-Shiny-Crocodile-Palladium-Hardware-2011-1-600x400.jpg;36000.0
Hermes-Birkin-30-Raisin-Shiny-Crocodile-Palladium-Hardware-2011-2-600x400.jpg;36000.0
Hermes-Birkin-30-Red-Gulliver-Gold-Hardware-1998-1-600x400.jpg;16000.0
Hermes-Birkin-30-Red-Gulliver-Gold-Hardware-1998-2-600x400.jpg;16000.0
Hermes-Birkin-30-Rose-Fuchsia-Shiny-Crocodile-Palladium-Hardware-2010-1-600x400.jpg;32000.0
Hermes-Birkin-30-Rose-Fuchsia-Shiny-Crocodile-Palladium-Hardware-2010-2-600x400.jpg;32000.0
Hermes-Birkin-30-Rouge-De-Coeur-Togo-Palladium-Hardware-2026-1-600x400.jpg;23000.0
Hermes-Birkin-30-Rouge-De-Coeur-Togo-Palladium-Hardware-2026-2-600x400.jpg;23000.0
Hermes-Birkin-30-Rouge-H-Epsom-Retourne-Gold-Hardware-2015-1-600x400.jpg;23000.0
Hermes-Birkin-30-Rouge-H-Epsom-Retourne-Gold-Hardware-2015-2-600x400.jpg;23000.0
Hermes-Birkin-30-Rouge-H-Togo-Gold-Hardware-2017-pre-loved-1-600x400.jpg;13500.0
Hermes-Birkin-30-Rouge-H-Togo-Gold-Hardware-2017-pre-loved-2-600x400.jpg;13500.0
Hermes-Birkin-30-Rouge-H-Togo-Palladium-Hardware-2026-1-600x400.jpg;26000.0
Hermes-Birkin-30-Rouge-H-Togo-Palladium-Hardware-2026-2-600x400.jpg;26000.0
Hermes-Birkin-30-Rouge-H-Togo-Palladium-Hardware-2026-3-900x600.jpg;26000.0
Hermes-Birkin-30-Rouge-H-Togo-Palladium-Hardware-2026-4-900x600.jpg;26000.0
Hermes-Birkin-30-Rouge-H-Togo-Palladium-Hardware-2026-5-900x600.jpg;26000.0
Hermes-Birkin-30-Rouge-H-Togo-Palladium-Hardware-2026-6-900x600.jpg;26000.0
Hermes-Birkin-30-Rouge-H-Togo-Palladium-Hardware-2026-7-900x600.jpeg;26000.0
Hermes-Birkin-30-Rouge-H-Togo-Palladium-Hardware-2026-8-900x600.jpeg;26000.0
Hermes-Birkin-30-Shiny-Crocodile-Niloticus-Noir-Black-Palladium-Hardware-2002-1-600x400.jpg;40000.0
Hermes-Birkin-30-Shiny-Crocodile-Niloticus-Noir-Black-Palladium-Hardware-2002-2-600x400.jpg;40000.0
Hermes-Birkin-30-Touch-Miel-Chevre-Crocodile-Niloticus-Palladium-Hardware-2018-1-600x400.jpg;28000.0
Hermes-Birkin-30-Touch-Miel-Chevre-Crocodile-Niloticus-Palladium-Hardware-2018-2-600x400.jpg;28000.0
Hermes-Birkin-30-Touch-Noir-Black-Shiny-Crocodile-Niloticus-Togo-Rose-Gold-Hardware-2021-1-600x400.jpg;35000.0
Hermes-Birkin-30-Touch-Noir-Black-Shiny-Crocodile-Niloticus-Togo-Rose-Gold-Hardware-2021-2-600x400.jpg;35000.0
Hermes-Birkin-30-Touch-Noir-Black-Togo-Matte-Alligator-Togo-Gold-Hardware-2022-1-600x400.jpg;34000.0
Hermes-Birkin-30-Touch-Noir-Black-Togo-Matte-Alligator-Togo-Gold-Hardware-2022-2-600x400.jpg;34000.0
Hermes-Birkin-30-Touch-Patchwork-Vert-Emerald-Vert-Titien-Vert-Fonce-Malachite-Verso-Rose-Azalee-Chevre-Box-Leather-Togo-Epsom-Swift-Shiny-Matte-Crocodile-Palladium-Hardware-1-600x400.jpg;38000.0
Hermes-Birkin-30-Touch-Patchwork-Vert-Emerald-Vert-Titien-Vert-Fonce-Malachite-Verso-Rose-Azalee-Chevre-Box-Leather-Togo-Epsom-Swift-Shiny-Matte-Crocodile-Palladium-Hardware-10-900x600.jpg;38000.0
Hermes-Birkin-30-Touch-Patchwork-Vert-Emerald-Vert-Titien-Vert-Fonce-Malachite-Verso-Rose-Azalee-Chevre-Box-Leather-Togo-Epsom-Swift-Shiny-Matte-Crocodile-Palladium-Hardware-2-600x400.jpg;38000.0
Hermes-Birkin-30-Touch-Patchwork-Vert-Emerald-Vert-Titien-Vert-Fonce-Malachite-Verso-Rose-Azalee-Chevre-Box-Leather-Togo-Epsom-Swift-Shiny-Matte-Crocodile-Palladium-Hardware-3-900x600.jpg;38000.0
Hermes-Birkin-30-Touch-Patchwork-Vert-Emerald-Vert-Titien-Vert-Fonce-Malachite-Verso-Rose-Azalee-Chevre-Box-Leather-Togo-Epsom-Swift-Shiny-Matte-Crocodile-Palladium-Hardware-4-900x600.jpg;38000.0
Hermes-Birkin-30-Touch-Patchwork-Vert-Emerald-Vert-Titien-Vert-Fonce-Malachite-Verso-Rose-Azalee-Chevre-Box-Leather-Togo-Epsom-Swift-Shiny-Matte-Crocodile-Palladium-Hardware-5-900x600.jpg;38000.0
Hermes-Birkin-30-Touch-Patchwork-Vert-Emerald-Vert-Titien-Vert-Fonce-Malachite-Verso-Rose-Azalee-Chevre-Box-Leather-Togo-Epsom-Swift-Shiny-Matte-Crocodile-Palladium-Hardware-6-900x600.jpg;38000.0
Hermes-Birkin-30-Touch-Patchwork-Vert-Emerald-Vert-Titien-Vert-Fonce-Malachite-Verso-Rose-Azalee-Chevre-Box-Leather-Togo-Epsom-Swift-Shiny-Matte-Crocodile-Palladium-Hardware-7-900x600.jpg;38000.0
Hermes-Birkin-30-Touch-Patchwork-Vert-Emerald-Vert-Titien-Vert-Fonce-Malachite-Verso-Rose-Azalee-Chevre-Box-Leather-Togo-Epsom-Swift-Shiny-Matte-Crocodile-Palladium-Hardware-8-900x600.jpg;38000.0
Hermes-Birkin-30-Touch-Patchwork-Vert-Emerald-Vert-Titien-Vert-Fonce-Malachite-Verso-Rose-Azalee-Chevre-Box-Leather-Togo-Epsom-Swift-Shiny-Matte-Crocodile-Palladium-Hardware-9-900x600.jpg;38000.0
Hermes-Birkin-30-Trench-Togo-Palladium-Hardware-2025-1-600x400.jpg;25000.0
Hermes-Birkin-30-Trench-Togo-Palladium-Hardware-2025-2-600x400.jpg;25000.0
Hermes-Birkin-30-Vert-Anglais-Epsom-Retourne-Gold-Hardware-2014-1-600x400.jpg;17000.0
Hermes-Birkin-30-Vert-Anglais-Epsom-Retourne-Gold-Hardware-2014-2-600x400.jpg;17000.0
Hermes-Birkin-35-Blue-De-France-Togo-Palladium-Hardware-2011-1-600x400.jpg;12000.0
Hermes-Birkin-35-Blue-De-France-Togo-Palladium-Hardware-2011-2-600x400.jpg;12000.0
Hermes-Birkin-35-Candy-Kiwi-Lichen-Epsom-Retourne-Palladium-Hardware-2012-1-600x400.jpg;12000.0
Hermes-Birkin-35-Candy-Kiwi-Lichen-Epsom-Retourne-Palladium-Hardware-2012-10-900x600.jpg;12000.0
Hermes-Birkin-35-Candy-Kiwi-Lichen-Epsom-Retourne-Palladium-Hardware-2012-11-900x600.jpg;12000.0
Hermes-Birkin-35-Candy-Kiwi-Lichen-Epsom-Retourne-Palladium-Hardware-2012-12-900x600.jpg;12000.0
Hermes-Birkin-35-Candy-Kiwi-Lichen-Epsom-Retourne-Palladium-Hardware-2012-13-900x600.jpg;12000.0
Hermes-Birkin-35-Candy-Kiwi-Lichen-Epsom-Retourne-Palladium-Hardware-2012-14-900x600.jpg;12000.0
Hermes-Birkin-35-Candy-Kiwi-Lichen-Epsom-Retourne-Palladium-Hardware-2012-2-600x400.jpg;12000.0
Hermes-Birkin-35-Candy-Kiwi-Lichen-Epsom-Retourne-Palladium-Hardware-2012-3-900x600.jpg;12000.0
Hermes-Birkin-35-Candy-Kiwi-Lichen-Epsom-Retourne-Palladium-Hardware-2012-4-900x600.jpg;12000.0
Hermes-Birkin-35-Candy-Kiwi-Lichen-Epsom-Retourne-Palladium-Hardware-2012-5-900x600.jpg;12000.0
Hermes-Birkin-35-Candy-Kiwi-Lichen-Epsom-Retourne-Palladium-Hardware-2012-6-900x600.jpg;12000.0
Hermes-Birkin-35-Candy-Kiwi-Lichen-Epsom-Retourne-Palladium-Hardware-2012-7-900x600.jpg;12000.0
Hermes-Birkin-35-Candy-Kiwi-Lichen-Epsom-Retourne-Palladium-Hardware-2012-8-900x600.jpg;12000.0
Hermes-Birkin-35-Candy-Kiwi-Lichen-Epsom-Retourne-Palladium-Hardware-2012-9-900x600.jpg;12000.0
Hermes-Birkin-35-Ebene-Ostrich-Palladium-Hardware-2001-1-600x400.jpg;18000.0
Hermes-Birkin-35-Ebene-Ostrich-Palladium-Hardware-2001-2-600x400.jpg;18000.0
Hermes-Birkin-35-Fuchsia-Shiny-Crocodile-Palladium-Hardware-2007-1-600x400.jpg;28000.0
Hermes-Birkin-35-Fuchsia-Shiny-Crocodile-Palladium-Hardware-2007-2-600x400.jpg;28000.0
Hermes-Birkin-35-Fushsia-Ostrich-Palladium-Hardware-2011-1-600x400.jpg;20000.0
Hermes-Birkin-35-Fushsia-Ostrich-Palladium-Hardware-2011-2-600x400.jpg;20000.0
Hermes-Birkin-35-Gold-Togo-Gold-Hardware-2021-6274-1-600x400.jpg;14000.0
Hermes-Birkin-35-Gold-Togo-Gold-Hardware-2021-6274-2-600x400.jpg;14000.0
Hermes-Birkin-35-Gold-Togo-Gold-Hardware-2021-6274-3.jpg;14000.0
Hermes-Birkin-35-Gold-Togo-Gold-Hardware-2021-6274-4.jpg;14000.0
Hermes-Birkin-35-Gold-Togo-Gold-Hardware-2021-6274-5.jpg;14000.0
Hermes-Birkin-35-Gold-Togo-Gold-Hardware-2021-6274-6.jpg;14000.0
Hermes-Birkin-35-Gold-Togo-Gold-Hardware-2021-6274-7.jpeg;14000.0
Hermes-Birkin-35-Gold-Togo-Gold-Hardware-2021-6274-8.jpeg;14000.0
Hermes-Birkin-35-Gold-Togo-Gold-Hardware-2022-6209-1-600x400.jpg;14000.0
Hermes-Birkin-35-Gold-Togo-Gold-Hardware-2022-6209-10-900x600.jpg;14000.0
Hermes-Birkin-35-Gold-Togo-Gold-Hardware-2022-6209-2-600x400.jpg;14000.0
Hermes-Birkin-35-Gold-Togo-Gold-Hardware-2022-6209-3-900x600.jpg;14000.0
Hermes-Birkin-35-Gold-Togo-Gold-Hardware-2022-6209-4-900x600.jpg;14000.0
Hermes-Birkin-35-Gold-Togo-Gold-Hardware-2022-6209-5-900x600.jpg;14000.0
Hermes-Birkin-35-Gold-Togo-Gold-Hardware-2022-6209-6-900x600.jpg;14000.0
Hermes-Birkin-35-Gold-Togo-Gold-Hardware-2022-6209-7-900x600.jpg;14000.0
Hermes-Birkin-35-Gold-Togo-Gold-Hardware-2022-6209-8-900x600.jpg;14000.0
Hermes-Birkin-35-Gold-Togo-Gold-Hardware-2022-6209-9-900x600.jpg;14000.0
Hermes-Birkin-35-Gris-Perle-Togo-Gold-Hardware-2020-1-600x400.jpg;20000.0
Hermes-Birkin-35-Gris-Perle-Togo-Gold-Hardware-2020-2-600x400.jpg;20000.0
Hermes-Birkin-35-Gris-Perle-Togo-Gold-Hardware-2020-3-900x600.jpg;20000.0
Hermes-Birkin-35-Gris-Perle-Togo-Gold-Hardware-2020-4-900x600.jpg;20000.0
Hermes-Birkin-35-Gris-Perle-Togo-Gold-Hardware-2020-5-900x600.jpg;20000.0
Hermes-Birkin-35-Gris-Perle-Togo-Gold-Hardware-2020-6-900x600.jpg;20000.0
Hermes-Birkin-35-Gris-Perle-Togo-Gold-Hardware-2020-7-900x600.jpg;20000.0
Hermes-Birkin-35-Gris-Perle-Togo-Gold-Hardware-2020-8-900x600.jpg;20000.0
Hermes-Birkin-35-Gris-Perle-Togo-Gold-Hardware-2020-9-900x600.jpg;20000.0
Hermes-Birkin-35-Lime-Epsom-Rose-Gold-Hardware-2020-1-600x400.jpg;12000.0
Hermes-Birkin-35-Lime-Epsom-Rose-Gold-Hardware-2020-2-600x400.jpg;12000.0
Hermes-Birkin-35-Noir-Black-Matte-Crocodile-Palladium-Hardware-2013-1-600x400.jpg;30000.0
Hermes-Birkin-35-Noir-Black-Matte-Crocodile-Palladium-Hardware-2013-2-600x400.jpg;30000.0
Hermes-Birkin-35-Noir-Black-Togo-Palladium-Hardware-2023-6201-1-600x400.jpg;15000.0
Hermes-Birkin-35-Noir-Black-Togo-Palladium-Hardware-2023-6201-2-600x400.jpg;15000.0
Hermes-Birkin-35-Rose-Scheherazade-Shiny-Crocodile-Porosus-Gold-Hardware-2016-1-600x400.jpg;40000.0
Hermes-Birkin-35-Rose-Scheherazade-Shiny-Crocodile-Porosus-Gold-Hardware-2016-2-600x400.jpg;40000.0
Hermes-Birkin-35-Rose-Tyrien-Shiny-Crocodile-Porosus-Palladium-Hardware-2008-1-600x400.jpg;28000.0
Hermes-Birkin-35-Rose-Tyrien-Shiny-Crocodile-Porosus-Palladium-Hardware-2008-2-600x400.jpg;28000.0
Hermes-Birkin-35-Rouge-H-Epsom-Retourne-Gold-Hardware-2015-6208-1-600x400.jpg;22000.0
Hermes-Birkin-35-Rouge-H-Epsom-Retourne-Gold-Hardware-2015-6208-2-600x400.jpg;22000.0
Hermes-Birkin-35-Rouge-H-Epsom-Retourne-Gold-Hardware-2015-6208-3-900x600.jpg;22000.0
Hermes-Birkin-35-Rouge-H-Epsom-Retourne-Gold-Hardware-2015-6208-4-900x600.jpg;22000.0
Hermes-Birkin-35-Rouge-H-Epsom-Retourne-Gold-Hardware-2015-6208-5-900x600.jpg;22000.0
Hermes-Birkin-35-Rouge-H-Epsom-Retourne-Gold-Hardware-2015-6208-6-900x600.jpg;22000.0
Hermes-Birkin-35-Rouge-H-Epsom-Retourne-Gold-Hardware-2015-6208-7-900x600.jpg;22000.0
Hermes-Birkin-35-Rouge-H-Epsom-Retourne-Gold-Hardware-2015-6208-8-900x600.jpg;22000.0
Hermes-Birkin-35-Rubis-Courchevel-Gold-Hardware-2003-1-600x400.jpg;12000.0
Hermes-Birkin-35-Rubis-Courchevel-Gold-Hardware-2003-2-600x400.jpg;12000.0
Hermes-Birkin-35-Vert-Vertigo-Evercolour-Palladium-Hardware-2017-1-600x400.jpg;15000.0
Hermes-Birkin-35-Vert-Vertigo-Evercolour-Palladium-Hardware-2017-2-600x400.jpg;15000.0
Hermes-Birkin-35-White-Clemence-Palladium-Hardware-2012-1-600x400.jpg;8500.0
Hermes-Birkin-35-White-Clemence-Palladium-Hardware-2012-2-600x400.jpg;8500.0
Hermes-Birkin-Shoulder-29-Light-Toile-Broderie-Rayures-Swift-Toile-Palladium-Hardware-2025-2-600x400.jpg;28000.0
Hermes-Birkin-Shoulder-29-Light-Toile-Broderie-Rayures-Swift-Toile-Palladium-Hardware-2025-3-600x400.jpg;28000.0
Hermes-Birkin-Shoulder-39-Broderie-Rayures-Gold-Multicolor-Swift-Toile-H-Palladium-Hardware-2025-1-600x400.jpg;34000.0
Hermes-Birkin-Shoulder-39-Broderie-Rayures-Gold-Multicolor-Swift-Toile-H-Palladium-Hardware-2025-2-600x400.jpg;34000.0
Hermes-HAC-40-Coup-de-Soleil-Plomb-Togo-Palladium-Hardware-2025-1-600x400.jpg;35000.0
Hermes-HAC-40-Coup-de-Soleil-Plomb-Togo-Palladium-Hardware-2025-2-600x400.jpg;35000.0
Hermes-HAC-40-Gold-Togo-Palladium-Hardware-2021-1-600x400.jpg;18000.0
Hermes-HAC-40-Gold-Togo-Palladium-Hardware-2021-2-600x400.jpg;18000.0
Hermes-HAC-40-Volynka-Palladium-Hardware-2019-1-600x400.jpg;38000.0
Hermes-HAC-40-Volynka-Palladium-Hardware-2019-2-600x400.jpg;38000.0
Hermes-Micro-Birkin-Kiwi-Epsom-Palladium-Hardware-2011-1-600x400.jpg;14000.0
Hermes-Micro-Birkin-Kiwi-Epsom-Palladium-Hardware-2011-2-600x400.jpg;14000.0
Hermes-Micro-Birkin-Tosca-Swift-Palladium-Hardware-1-600x400.jpg;12000.0
Hermes-Micro-Birkin-Tosca-Swift-Palladium-Hardware-2-600x400.jpg;12000.0